-- MySQL dump 10.13  Distrib 8.3.0, for macos13.6 (arm64)
--
-- Host: mysql8.test.dminfra.cn    Database: shop
-- ------------------------------------------------------
-- Server version	8.0.36

/*!40101 SET @OLD_CHARACTER_SET_CLIENT=@@CHARACTER_SET_CLIENT */;
/*!40101 SET @OLD_CHARACTER_SET_RESULTS=@@CHARACTER_SET_RESULTS */;
/*!40101 SET @OLD_COLLATION_CONNECTION=@@COLLATION_CONNECTION */;
/*!50503 SET NAMES utf8mb4 */;
/*!40103 SET @OLD_TIME_ZONE=@@TIME_ZONE */;
/*!40103 SET TIME_ZONE='+00:00' */;
/*!40014 SET @OLD_UNIQUE_CHECKS=@@UNIQUE_CHECKS, UNIQUE_CHECKS=0 */;
/*!40014 SET @OLD_FOREIGN_KEY_CHECKS=@@FOREIGN_KEY_CHECKS, FOREIGN_KEY_CHECKS=0 */;
/*!40101 SET @OLD_SQL_MODE=@@SQL_MODE, SQL_MODE='NO_AUTO_VALUE_ON_ZERO' */;
/*!40111 SET @OLD_SQL_NOTES=@@SQL_NOTES, SQL_NOTES=0 */;
SET @MYSQLDUMP_TEMP_LOG_BIN = @@SESSION.SQL_LOG_BIN;
SET @@SESSION.SQL_LOG_BIN= 0;

--
-- GTID state at the beginning of the backup 
--

SET @@GLOBAL.GTID_PURGED=/*!80000 '+'*/ 'a9a5304b-084f-11f0-86e4-00163e240bc4:1-398242';

--
-- Table structure for table `tb_category`
--

DROP TABLE IF EXISTS `tb_category`;
/*!40101 SET @saved_cs_client     = @@character_set_client */;
/*!50503 SET character_set_client = utf8mb4 */;
CREATE TABLE `tb_category` (
  `category_id` int NOT NULL AUTO_INCREMENT COMMENT '分类唯一标识，自增主键，关联 tb_product.category_id',
  `category_name` varchar(50) CHARACTER SET utf8mb4 COLLATE utf8mb4_general_ci DEFAULT NULL COMMENT '分类名称（如 “电子产品”“电脑配件”），用于筛选商品',
  PRIMARY KEY (`category_id`) USING BTREE
) ENGINE=InnoDB AUTO_INCREMENT=7 DEFAULT CHARSET=utf8mb4 COLLATE=utf8mb4_general_ci ROW_FORMAT=DYNAMIC;
/*!40101 SET character_set_client = @saved_cs_client */;

--
-- Dumping data for table `tb_category`
--

LOCK TABLES `tb_category` WRITE;
/*!40000 ALTER TABLE `tb_category` DISABLE KEYS */;
INSERT INTO `tb_category` VALUES (1,'电子产品'),(2,'服装配饰'),(3,'图书音像'),(4,'家用电器'),(5,'日用百货');
/*!40000 ALTER TABLE `tb_category` ENABLE KEYS */;
UNLOCK TABLES;

--
-- Table structure for table `tb_order`
--

DROP TABLE IF EXISTS `tb_order`;
/*!40101 SET @saved_cs_client     = @@character_set_client */;
/*!50503 SET character_set_client = utf8mb4 */;
CREATE TABLE `tb_order` (
  `order_id` int NOT NULL AUTO_INCREMENT COMMENT '订单 ID（主键）',
  `user_id` int NOT NULL COMMENT '用户 ID',
  `order_status` varchar(20) CHARACTER SET utf8mb4 COLLATE utf8mb4_general_ci NOT NULL,
  `payment_bank` varchar(50) CHARACTER SET utf8mb3 COLLATE utf8mb3_general_ci DEFAULT '工商银行' COMMENT '支付银行',
  `order_time` datetime NOT NULL COMMENT '下单时间',
  PRIMARY KEY (`order_id`) USING BTREE
) ENGINE=InnoDB AUTO_INCREMENT=201 DEFAULT CHARSET=utf8mb4 COLLATE=utf8mb4_general_ci ROW_FORMAT=DYNAMIC;
/*!40101 SET character_set_client = @saved_cs_client */;

--
-- Dumping data for table `tb_order`
--

LOCK TABLES `tb_order` WRITE;
/*!40000 ALTER TABLE `tb_order` DISABLE KEYS */;
INSERT INTO `tb_order` VALUES (1,22,'pending','农业银行','2024-11-21 15:39:50'),(2,18,'cancelled','中国银行','2025-03-20 18:16:23'),(3,35,'pending','工商银行','2025-02-17 05:00:29'),(4,37,'cancelled','农业银行','2025-01-02 08:50:44'),(5,31,'paid','中国银行','2025-03-17 17:32:36'),(6,7,'cancelled','工商银行','2024-12-14 00:26:09'),(7,28,'paid','农业银行','2025-03-13 22:20:17'),(8,47,'pending','中国银行','2024-12-21 01:33:21'),(9,42,'pending','工商银行','2024-11-21 16:55:27'),(10,47,'paid','农业银行','2025-03-06 02:51:48'),(11,7,'pending','中国银行','2024-11-05 09:31:07'),(12,35,'paid','工商银行','2024-12-25 04:08:13'),(13,12,'paid','农业银行','2025-02-25 18:14:20'),(14,5,'paid','中国银行','2024-12-23 06:10:04'),(15,36,'pending','工商银行','2024-12-04 16:46:17'),(16,35,'pending','农业银行','2025-03-27 18:01:39'),(17,49,'pending','中国银行','2024-12-01 04:01:40'),(18,32,'paid','工商银行','2024-12-11 20:24:22'),(19,26,'pending','农业银行','2024-10-05 01:36:14'),(20,1,'paid','中国银行','2025-03-27 16:46:12'),(21,30,'paid','工商银行','2024-12-27 06:13:28'),(22,47,'cancelled','农业银行','2025-02-09 21:27:44'),(23,32,'pending','中国银行','2025-01-12 21:37:15'),(24,14,'pending','工商银行','2024-11-13 15:06:09'),(25,35,'pending','农业银行','2025-01-31 10:07:23'),(26,4,'pending','中国银行','2024-12-22 00:54:25'),(27,33,'cancelled','工商银行','2024-12-16 08:32:47'),(28,33,'pending','农业银行','2024-10-17 03:10:29'),(29,5,'cancelled','中国银行','2025-02-24 21:23:38'),(30,16,'paid','工商银行','2024-11-23 01:02:36'),(31,37,'pending','农业银行','2025-02-21 16:24:10'),(32,3,'cancelled','中国银行','2024-11-21 21:49:01'),(33,43,'cancelled','工商银行','2024-10-02 08:38:44'),(34,21,'paid','农业银行','2025-01-22 22:19:50'),(35,46,'paid','中国银行','2025-01-17 06:22:06'),(36,26,'pending','工商银行','2024-10-07 03:12:27'),(37,20,'paid','农业银行','2024-12-15 11:17:55'),(38,49,'pending','中国银行','2025-01-07 15:01:52'),(39,40,'cancelled','工商银行','2025-03-03 11:15:28'),(40,5,'cancelled','农业银行','2025-01-20 19:25:26'),(41,17,'pending','中国银行','2025-03-06 23:46:11'),(42,5,'pending','工商银行','2025-01-25 05:42:16'),(43,11,'paid','农业银行','2025-03-15 04:55:57'),(44,46,'paid','中国银行','2025-01-22 09:55:09'),(45,42,'cancelled','工商银行','2024-11-01 12:43:53'),(46,36,'paid','农业银行','2025-03-04 11:01:51'),(47,7,'pending','中国银行','2024-12-15 04:41:29'),(48,7,'cancelled','工商银行','2025-03-09 05:31:30'),(49,18,'paid','农业银行','2024-11-09 07:01:04'),(50,46,'paid','中国银行','2025-01-07 12:16:16'),(51,41,'paid','工商银行','2024-12-11 14:06:05'),(52,17,'pending','农业银行','2024-11-03 10:48:10'),(53,28,'paid','中国银行','2024-11-24 08:52:30'),(54,22,'pending','工商银行','2024-12-23 08:32:11'),(55,17,'pending','农业银行','2024-10-01 03:52:32'),(56,36,'cancelled','中国银行','2025-03-26 18:31:39'),(57,1,'pending','工商银行','2025-02-08 00:04:42'),(58,45,'pending','农业银行','2024-11-30 19:38:48'),(59,24,'cancelled','中国银行','2025-03-24 10:27:51'),(60,28,'pending','工商银行','2024-10-13 15:34:22'),(61,24,'pending','农业银行','2024-10-27 21:54:57'),(62,14,'cancelled','中国银行','2024-11-14 01:56:19'),(63,7,'paid','工商银行','2025-02-23 04:54:52'),(64,27,'cancelled','农业银行','2025-03-14 13:28:06'),(65,16,'pending','中国银行','2025-01-16 21:58:08'),(66,12,'paid','工商银行','2024-12-16 18:01:25'),(67,48,'paid','农业银行','2024-10-30 16:23:48'),(68,27,'cancelled','中国银行','2025-01-05 15:16:36'),(69,16,'paid','工商银行','2024-11-12 09:06:32'),(70,45,'pending','农业银行','2025-03-22 18:54:29'),(71,3,'paid','中国银行','2025-03-24 22:07:26'),(72,30,'paid','工商银行','2024-10-24 00:01:24'),(73,15,'pending','农业银行','2025-01-14 03:51:02'),(74,13,'paid','中国银行','2025-02-25 22:54:21'),(75,5,'paid','工商银行','2025-01-08 03:44:46'),(76,33,'paid','农业银行','2024-12-19 07:50:52'),(77,35,'paid','中国银行','2025-01-11 13:35:08'),(78,8,'paid','工商银行','2025-02-09 07:50:12'),(79,17,'pending','农业银行','2025-02-26 23:09:36'),(80,28,'paid','中国银行','2025-03-03 04:59:43'),(81,21,'paid','工商银行','2025-03-02 04:38:31'),(82,33,'pending','农业银行','2025-01-28 09:28:18'),(83,37,'pending','中国银行','2025-01-28 22:07:47'),(84,46,'paid','工商银行','2025-02-06 03:43:20'),(85,35,'cancelled','农业银行','2024-11-05 00:58:40'),(86,48,'cancelled','中国银行','2025-02-17 11:31:26'),(87,24,'paid','工商银行','2025-02-18 20:53:19'),(88,43,'paid','农业银行','2024-10-25 17:20:49'),(89,43,'pending','中国银行','2025-02-11 06:23:41'),(90,20,'cancelled','工商银行','2024-11-30 05:45:31'),(91,27,'paid','农业银行','2025-01-24 16:28:25'),(92,19,'cancelled','中国银行','2024-11-12 16:31:07'),(93,27,'cancelled','工商银行','2024-11-29 18:43:35'),(94,44,'cancelled','农业银行','2024-12-15 10:19:29'),(95,40,'cancelled','中国银行','2025-03-27 13:11:04'),(96,36,'pending','工商银行','2024-12-04 15:19:08'),(97,14,'paid','农业银行','2025-01-06 21:48:59'),(98,39,'cancelled','中国银行','2025-01-17 18:42:51'),(99,29,'paid','工商银行','2025-01-25 21:25:13'),(100,33,'paid','农业银行','2025-03-24 20:20:35'),(101,48,'pending','中国银行','2024-10-29 22:48:19'),(102,19,'cancelled','工商银行','2025-02-26 08:48:27'),(103,40,'paid','农业银行','2024-11-13 11:51:17'),(104,49,'pending','中国银行','2024-12-21 13:49:45'),(105,15,'pending','工商银行','2024-11-23 07:46:58'),(106,3,'pending','农业银行','2025-02-08 09:51:06'),(107,40,'pending','中国银行','2025-03-15 05:27:15'),(108,41,'cancelled','工商银行','2024-12-10 18:55:46'),(109,45,'paid','农业银行','2025-02-19 16:56:33'),(110,16,'pending','中国银行','2024-11-25 16:29:37'),(111,1,'pending','工商银行','2024-11-29 06:26:39'),(112,15,'pending','农业银行','2024-10-13 15:32:55'),(113,45,'cancelled','中国银行','2025-03-07 13:10:12'),(114,36,'pending','工商银行','2024-12-22 11:14:23'),(115,8,'paid','农业银行','2024-11-14 13:05:52'),(116,30,'cancelled','中国银行','2024-10-30 09:25:33'),(117,36,'cancelled','工商银行','2024-11-20 01:20:14'),(118,49,'paid','农业银行','2025-03-04 17:25:58'),(119,47,'cancelled','中国银行','2024-11-29 20:36:05'),(120,36,'paid','工商银行','2024-10-31 16:39:22'),(121,48,'paid','农业银行','2025-02-04 04:58:16'),(122,49,'pending','中国银行','2025-01-20 09:29:50'),(123,18,'cancelled','工商银行','2025-02-19 10:31:04'),(124,16,'paid','农业银行','2025-02-11 05:07:47'),(125,46,'paid','中国银行','2024-10-23 15:08:43'),(126,22,'paid','工商银行','2024-10-29 07:52:16'),(127,6,'pending','农业银行','2024-11-07 19:40:37'),(128,25,'cancelled','中国银行','2025-01-02 06:38:20'),(129,14,'pending','工商银行','2024-10-17 15:56:35'),(130,22,'cancelled','农业银行','2025-02-18 04:42:33'),(131,4,'pending','中国银行','2024-10-01 00:52:50'),(132,25,'cancelled','工商银行','2025-03-01 23:05:14'),(133,2,'cancelled','农业银行','2024-11-24 19:14:31'),(134,1,'paid','中国银行','2024-12-15 23:01:32'),(135,25,'paid','工商银行','2024-10-02 10:58:52'),(136,48,'cancelled','农业银行','2024-11-29 02:53:40'),(137,15,'paid','中国银行','2024-10-23 17:25:43'),(138,28,'paid','工商银行','2024-12-21 05:30:17'),(139,22,'cancelled','农业银行','2025-01-03 10:32:35'),(140,26,'cancelled','中国银行','2024-11-25 17:52:07'),(141,30,'pending','工商银行','2024-12-22 06:05:54'),(142,35,'pending','农业银行','2024-11-25 10:07:15'),(143,38,'cancelled','中国银行','2024-11-12 15:03:42'),(144,6,'cancelled','工商银行','2024-10-13 16:09:58'),(145,30,'pending','农业银行','2025-02-19 07:12:29'),(146,25,'paid','中国银行','2025-01-29 03:07:44'),(147,21,'paid','工商银行','2025-01-31 08:10:12'),(148,25,'paid','农业银行','2025-03-11 09:13:32'),(149,27,'paid','中国银行','2025-01-18 14:40:15'),(150,31,'pending','工商银行','2024-12-15 13:23:25'),(151,4,'paid','农业银行','2025-03-10 14:33:15'),(152,5,'cancelled','中国银行','2024-11-15 03:05:40'),(153,2,'pending','工商银行','2025-03-10 17:14:48'),(154,2,'cancelled','农业银行','2025-02-21 17:22:39'),(155,9,'paid','中国银行','2025-02-16 22:46:34'),(156,37,'pending','工商银行','2024-12-22 22:28:15'),(157,17,'paid','农业银行','2024-10-17 09:09:10'),(158,39,'cancelled','中国银行','2024-11-11 01:46:52'),(159,50,'pending','工商银行','2025-03-08 05:58:50'),(160,7,'cancelled','农业银行','2024-12-28 02:10:07'),(161,20,'cancelled','中国银行','2025-01-17 09:01:18'),(162,25,'paid','工商银行','2025-01-26 22:10:46'),(163,13,'pending','农业银行','2025-03-17 15:23:15'),(164,41,'pending','中国银行','2024-12-14 22:18:10'),(165,50,'paid','工商银行','2024-11-13 18:50:57'),(166,39,'pending','农业银行','2025-03-11 22:31:53'),(167,37,'pending','中国银行','2024-12-29 21:21:19'),(168,28,'cancelled','工商银行','2025-03-17 04:00:59'),(169,33,'cancelled','农业银行','2024-11-20 22:59:10'),(170,27,'paid','中国银行','2025-03-14 19:27:58'),(171,24,'cancelled','工商银行','2025-02-08 08:29:54'),(172,30,'cancelled','农业银行','2025-03-27 01:39:17'),(173,12,'cancelled','中国银行','2025-01-03 17:41:36'),(174,42,'paid','工商银行','2025-01-28 11:57:27'),(175,35,'paid','农业银行','2024-10-03 21:10:51'),(176,47,'cancelled','中国银行','2024-11-06 16:56:23'),(177,16,'pending','工商银行','2025-01-16 21:22:03'),(178,29,'pending','农业银行','2024-11-23 12:57:05'),(179,37,'cancelled','中国银行','2025-02-16 08:53:17'),(180,22,'pending','工商银行','2025-02-24 18:22:30'),(181,21,'pending','农业银行','2025-02-18 12:38:20'),(182,23,'paid','中国银行','2025-03-04 18:40:06'),(183,39,'cancelled','工商银行','2025-02-18 12:59:38'),(184,36,'pending','农业银行','2025-03-14 19:31:17'),(185,13,'pending','中国银行','2025-01-09 20:24:05'),(186,27,'paid','工商银行','2025-01-24 15:06:34'),(187,16,'cancelled','农业银行','2025-01-30 13:09:28'),(188,46,'paid','中国银行','2025-03-11 01:33:59'),(189,2,'pending','工商银行','2024-12-19 13:29:59'),(190,26,'cancelled','农业银行','2024-11-05 21:08:05'),(191,43,'cancelled','中国银行','2025-03-21 03:22:23'),(192,36,'cancelled','工商银行','2024-11-03 08:04:13'),(193,48,'cancelled','农业银行','2025-03-03 06:38:41'),(194,45,'paid','中国银行','2025-02-04 20:04:36'),(195,17,'pending','工商银行','2025-03-18 15:43:38'),(196,13,'paid','农业银行','2024-10-10 23:29:16'),(197,35,'cancelled','中国银行','2025-03-13 12:33:58'),(198,14,'cancelled','工商银行','2025-02-16 18:42:10'),(199,47,'cancelled','农业银行','2025-02-12 12:30:27'),(200,34,'cancelled','中国银行','2024-12-24 03:47:52');
/*!40000 ALTER TABLE `tb_order` ENABLE KEYS */;
UNLOCK TABLES;

--
-- Table structure for table `tb_order_detail`
--

DROP TABLE IF EXISTS `tb_order_detail`;
/*!40101 SET @saved_cs_client     = @@character_set_client */;
/*!50503 SET character_set_client = utf8mb4 */;
CREATE TABLE `tb_order_detail` (
  `detail_id` int NOT NULL AUTO_INCREMENT COMMENT '明细 ID（主键）',
  `order_id` int NOT NULL COMMENT '订单 ID',
  `product_id` int NOT NULL COMMENT '商品 ID',
  `quantity` int NOT NULL COMMENT '购买数量',
  `discount` decimal(4,2) DEFAULT '1.00' COMMENT '折扣（如 0.9 表示 9 折）',
  PRIMARY KEY (`detail_id`) USING BTREE
) ENGINE=InnoDB AUTO_INCREMENT=551 DEFAULT CHARSET=utf8mb4 COLLATE=utf8mb4_general_ci ROW_FORMAT=DYNAMIC;
/*!40101 SET character_set_client = @saved_cs_client */;

--
-- Dumping data for table `tb_order_detail`
--

LOCK TABLES `tb_order_detail` WRITE;
/*!40000 ALTER TABLE `tb_order_detail` DISABLE KEYS */;
INSERT INTO `tb_order_detail` VALUES (1,26,25,3,1.00),(2,46,39,1,1.00),(3,33,36,1,1.00),(4,142,38,2,1.00),(5,193,63,1,0.50),(6,147,37,4,0.60),(7,88,24,1,0.70),(8,123,15,1,0.80),(9,19,74,1,0.90),(10,145,39,1,1.00),(11,31,72,4,1.00),(12,159,29,5,1.00),(13,114,39,5,1.00),(14,79,73,5,1.00),(15,190,13,2,0.50),(16,68,85,1,0.60),(17,45,71,1,0.70),(18,105,58,5,0.80),(19,9,30,3,0.90),(20,180,59,1,1.00),(21,68,81,5,1.00),(22,51,55,1,1.00),(23,166,20,3,1.00),(24,19,8,2,1.00),(25,153,96,5,0.50),(26,113,16,4,0.60),(27,180,52,3,0.70),(28,127,57,1,0.80),(29,111,95,3,0.90),(30,7,12,2,1.00),(31,148,76,1,1.00),(32,173,35,5,1.00),(33,194,23,4,1.00),(34,114,36,2,1.00),(35,112,82,4,0.50),(36,121,45,4,0.60),(37,172,14,2,0.70),(38,178,64,3,0.80),(39,103,98,5,0.90),(40,23,41,3,1.00),(41,198,52,5,1.00),(42,1,85,5,1.00),(43,14,25,5,1.00),(44,194,64,4,1.00),(45,53,35,5,0.50),(46,74,57,4,0.60),(47,162,78,2,0.70),(48,80,71,1,0.80),(49,24,29,1,0.90),(50,31,83,2,1.00),(51,184,38,5,1.00),(52,107,62,4,1.00),(53,142,19,4,1.00),(54,154,66,2,1.00),(55,71,99,4,0.50),(56,130,35,1,0.60),(57,77,76,5,0.70),(58,126,20,4,0.80),(59,89,43,5,0.90),(60,97,59,3,1.00),(61,179,31,5,1.00),(62,199,53,1,1.00),(63,122,91,4,1.00),(64,170,84,2,1.00),(65,10,17,5,0.50),(66,85,13,4,0.60),(67,117,2,2,0.70),(68,168,20,1,0.80),(69,68,44,5,0.90),(70,167,11,3,1.00),(71,137,49,3,1.00),(72,195,63,5,1.00),(73,18,31,3,1.00),(74,192,12,4,1.00),(75,195,82,1,0.50),(76,178,39,1,0.60),(77,15,38,3,0.70),(78,38,32,5,0.80),(79,175,24,2,0.90),(80,157,49,5,1.00),(81,128,75,2,1.00),(82,164,33,4,1.00),(83,3,60,3,1.00),(84,41,10,4,1.00),(85,151,39,4,0.50),(86,117,39,2,0.60),(87,124,14,2,0.70),(88,92,74,3,0.80),(89,76,3,4,0.90),(90,145,88,1,1.00),(91,191,64,3,1.00),(92,59,78,3,1.00),(93,49,80,3,1.00),(94,185,99,2,1.00),(95,161,83,1,0.50),(96,113,5,5,0.60),(97,34,12,3,0.70),(98,107,23,2,0.80),(99,139,47,5,0.90),(100,70,22,3,1.00),(101,124,38,3,1.00),(102,120,10,2,1.00),(103,58,87,4,1.00),(104,143,47,1,1.00),(105,4,34,5,0.50),(106,95,87,3,0.60),(107,164,48,1,0.70),(108,121,4,5,0.80),(109,144,42,5,0.90),(110,17,82,4,1.00),(111,78,84,4,1.00),(112,12,5,3,1.00),(113,30,13,2,1.00),(114,35,50,4,1.00),(115,191,90,5,0.50),(116,191,94,2,0.60),(117,168,13,4,0.70),(118,72,5,3,0.80),(119,114,31,3,0.90),(120,176,48,5,1.00),(121,166,46,1,1.00),(122,49,16,4,1.00),(123,55,83,5,1.00),(124,13,43,2,1.00),(125,145,27,1,0.50),(126,142,27,5,0.60),(127,60,43,2,0.70),(128,153,1,3,0.80),(129,38,17,5,0.90),(130,45,15,1,1.00),(131,92,31,5,1.00),(132,45,34,1,1.00),(133,108,68,1,1.00),(134,122,58,3,1.00),(135,28,58,5,0.50),(136,158,6,5,0.60),(137,165,4,1,0.70),(138,103,55,1,0.80),(139,114,10,1,0.90),(140,38,9,2,1.00),(141,163,75,5,1.00),(142,98,77,5,1.00),(143,130,78,4,1.00),(144,180,15,5,1.00),(145,56,56,4,0.50),(146,106,44,4,0.60),(147,187,13,3,0.70),(148,171,33,3,0.80),(149,176,61,1,0.90),(150,22,12,4,1.00),(151,190,48,2,1.00),(152,151,72,5,1.00),(153,32,53,3,1.00),(154,193,55,1,1.00),(155,154,40,3,0.50),(156,130,28,2,0.60),(157,58,14,3,0.70),(158,95,15,3,0.80),(159,110,72,5,0.90),(160,165,72,1,1.00),(161,169,89,3,1.00),(162,70,90,3,1.00),(163,90,1,2,1.00),(164,145,85,4,1.00),(165,190,82,1,0.50),(166,136,28,4,0.60),(167,88,21,3,0.70),(168,84,100,5,0.80),(169,14,20,2,0.90),(170,13,87,1,1.00),(171,170,55,4,1.00),(172,107,35,2,1.00),(173,30,45,4,1.00),(174,174,87,5,1.00),(175,171,40,1,0.50),(176,154,8,1,0.60),(177,55,99,2,0.70),(178,75,42,1,0.80),(179,192,56,2,0.90),(180,137,91,2,1.00),(181,172,46,1,1.00),(182,190,6,4,1.00),(183,20,41,5,1.00),(184,104,91,4,1.00),(185,104,3,3,0.50),(186,159,59,3,0.60),(187,28,32,4,0.70),(188,135,11,4,0.80),(189,191,44,2,0.90),(190,44,10,5,1.00),(191,136,66,2,1.00),(192,90,45,2,1.00),(193,38,33,2,1.00),(194,40,98,1,1.00),(195,198,81,4,0.50),(196,145,98,5,0.60),(197,145,83,5,0.70),(198,161,41,2,0.80),(199,121,57,3,0.90),(200,152,8,3,1.00),(201,80,60,4,1.00),(202,95,37,1,1.00),(203,24,79,5,1.00),(204,119,75,5,1.00),(205,190,6,4,0.50),(206,147,84,2,0.60),(207,122,65,2,0.70),(208,116,14,3,0.80),(209,22,65,2,0.90),(210,182,57,4,1.00),(211,157,21,3,1.00),(212,73,50,4,1.00),(213,174,77,1,1.00),(214,166,43,1,1.00),(215,143,87,4,0.50),(216,186,85,5,0.60),(217,86,11,5,0.70),(218,90,40,4,0.80),(219,182,11,3,0.90),(220,165,43,2,1.00),(221,190,88,5,1.00),(222,172,55,5,1.00),(223,93,40,2,1.00),(224,88,99,4,1.00),(225,36,20,1,0.50),(226,26,65,5,0.60),(227,135,5,3,0.70),(228,159,17,5,0.80),(229,42,24,5,0.90),(230,43,93,4,1.00),(231,94,87,2,1.00),(232,157,37,4,1.00),(233,62,40,4,1.00),(234,50,48,5,1.00),(235,119,99,3,0.50),(236,129,68,4,0.60),(237,52,78,2,0.70),(238,14,83,4,0.80),(239,142,14,5,0.90),(240,73,11,2,1.00),(241,132,19,4,1.00),(242,57,58,3,1.00),(243,107,7,4,1.00),(244,61,50,1,1.00),(245,8,41,1,0.50),(246,167,43,2,0.60),(247,74,61,2,0.70),(248,121,58,5,0.80),(249,21,3,3,0.90),(250,39,71,5,1.00),(251,29,100,3,1.00),(252,32,7,2,1.00),(253,160,59,1,1.00),(254,128,77,5,1.00),(255,132,74,2,0.50),(256,75,55,1,0.60),(257,62,74,4,0.70),(258,172,11,5,0.80),(259,18,68,5,0.90),(260,130,71,1,1.00),(261,121,6,4,1.00),(262,65,96,1,1.00),(263,18,45,2,1.00),(264,161,14,5,1.00),(265,86,18,1,0.50),(266,87,83,2,0.60),(267,176,60,4,0.70),(268,35,9,4,0.80),(269,52,6,2,0.90),(270,81,40,5,1.00),(271,140,61,3,1.00),(272,166,25,3,1.00),(273,200,7,3,1.00),(274,95,56,4,1.00),(275,99,44,2,0.50),(276,128,48,5,0.60),(277,22,94,4,0.70),(278,155,24,5,0.80),(279,27,11,3,0.90),(280,79,58,5,1.00),(281,43,89,4,1.00),(282,11,94,3,1.00),(283,112,36,1,1.00),(284,164,52,3,1.00),(285,192,87,2,0.50),(286,37,78,4,0.60),(287,18,31,3,0.70),(288,146,5,5,0.80),(289,116,48,3,0.90),(290,20,74,2,1.00),(291,102,41,3,1.00),(292,30,4,2,1.00),(293,100,72,1,1.00),(294,67,91,4,1.00),(295,157,37,4,0.50),(296,35,10,4,0.60),(297,183,57,1,0.70),(298,82,86,3,0.80),(299,141,70,3,0.90),(300,41,92,2,1.00),(301,131,29,1,1.00),(302,36,31,4,1.00),(303,142,74,3,1.00),(304,142,17,5,1.00),(305,17,40,4,0.50),(306,185,62,5,0.60),(307,105,74,1,0.70),(308,82,83,1,0.80),(309,175,67,3,0.90),(310,200,71,5,1.00),(311,34,56,5,1.00),(312,15,16,5,1.00),(313,43,21,3,1.00),(314,58,45,5,1.00),(315,21,33,2,0.50),(316,142,36,2,0.60),(317,158,69,1,0.70),(318,44,76,5,0.80),(319,169,80,5,0.90),(320,145,6,1,1.00),(321,165,99,5,1.00),(322,54,99,5,1.00),(323,164,4,4,1.00),(324,140,38,3,1.00),(325,176,52,3,0.50),(326,177,8,2,0.60),(327,124,60,2,0.70),(328,37,41,3,0.80),(329,89,52,2,0.90),(330,132,72,1,1.00),(331,120,16,3,1.00),(332,37,13,1,1.00),(333,99,79,4,1.00),(334,41,42,5,1.00),(335,49,98,2,0.50),(336,132,60,4,0.60),(337,128,3,1,0.70),(338,130,59,2,0.80),(339,91,7,1,0.90),(340,153,84,4,1.00),(341,3,14,4,1.00),(342,68,94,3,1.00),(343,94,6,4,1.00),(344,144,25,3,1.00),(345,19,50,5,0.50),(346,141,36,5,0.60),(347,31,17,1,0.70),(348,87,72,3,0.80),(349,51,78,5,0.90),(350,11,6,1,1.00),(351,86,61,5,1.00),(352,156,66,2,1.00),(353,157,41,2,1.00),(354,158,95,3,1.00),(355,130,66,5,0.50),(356,145,39,4,0.60),(357,95,43,1,0.70),(358,150,40,1,0.80),(359,68,84,5,0.90),(360,185,7,5,1.00),(361,135,81,5,1.00),(362,98,19,2,1.00),(363,180,15,2,1.00),(364,81,54,2,1.00),(365,53,53,5,0.50),(366,121,95,1,0.60),(367,133,27,5,0.70),(368,170,62,5,0.80),(369,45,59,5,0.90),(370,91,87,3,1.00),(371,50,32,3,1.00),(372,58,39,3,1.00),(373,177,91,4,1.00),(374,90,72,3,1.00),(375,147,87,5,0.50),(376,102,45,2,0.60),(377,74,92,1,0.70),(378,114,84,3,0.80),(379,55,26,5,0.90),(380,144,90,3,1.00),(381,158,95,5,1.00),(382,13,86,5,1.00),(383,60,7,1,1.00),(384,184,61,1,1.00),(385,36,1,5,0.50),(386,41,53,4,0.60),(387,52,97,3,0.70),(388,166,8,1,0.80),(389,60,69,1,0.90),(390,45,54,2,1.00),(391,10,51,4,1.00),(392,192,38,1,1.00),(393,146,78,1,1.00),(394,86,37,4,1.00),(395,140,68,4,0.50),(396,35,65,4,0.60),(397,29,43,2,0.70),(398,166,33,2,0.80),(399,87,38,5,0.90),(400,50,23,5,1.00),(401,104,55,5,1.00),(402,103,86,1,1.00),(403,36,62,3,1.00),(404,2,34,4,1.00),(405,193,35,3,0.50),(406,186,74,1,0.60),(407,93,89,2,0.70),(408,31,60,3,0.80),(409,176,65,3,0.90),(410,164,38,3,1.00),(411,57,18,4,1.00),(412,192,78,3,1.00),(413,141,61,5,1.00),(414,56,98,2,1.00),(415,153,11,5,0.50),(416,181,47,1,0.60),(417,29,8,5,0.70),(418,52,74,5,0.80),(419,84,67,4,0.90),(420,53,92,5,1.00),(421,131,58,1,1.00),(422,132,54,4,1.00),(423,144,60,3,1.00),(424,102,33,1,1.00),(425,149,10,1,0.50),(426,180,9,5,0.60),(427,18,61,1,0.70),(428,47,99,2,0.80),(429,187,83,4,0.90),(430,98,58,4,1.00),(431,175,85,5,1.00),(432,90,16,2,1.00),(433,101,68,2,1.00),(434,58,1,1,1.00),(435,119,87,5,0.50),(436,98,30,2,0.60),(437,40,36,2,0.70),(438,186,98,1,0.80),(439,170,54,5,0.90),(440,5,31,2,1.00),(441,153,5,4,1.00),(442,181,7,2,1.00),(443,103,57,2,1.00),(444,194,100,1,1.00),(445,75,30,5,0.50),(446,154,99,3,0.60),(447,37,85,5,0.70),(448,77,36,1,0.80),(449,152,95,2,0.90),(450,110,72,4,1.00),(451,89,83,4,1.00),(452,82,90,4,1.00),(453,77,49,2,1.00),(454,122,31,2,1.00),(455,182,19,4,0.50),(456,144,53,4,0.60),(457,35,50,2,0.70),(458,85,83,1,0.80),(459,95,12,5,0.90),(460,49,7,3,1.00),(461,155,78,1,1.00),(462,49,98,5,1.00),(463,144,28,4,1.00),(464,86,39,1,1.00),(465,49,95,1,0.50),(466,194,62,2,0.60),(467,181,27,4,0.70),(468,142,42,3,0.80),(469,137,84,3,0.90),(470,93,66,4,1.00),(471,185,61,3,1.00),(472,95,41,4,1.00),(473,57,95,2,1.00),(474,142,75,5,1.00),(475,76,20,2,0.50),(476,98,73,2,0.60),(477,168,88,3,0.70),(478,126,93,4,0.80),(479,188,46,2,0.90),(480,140,63,2,1.00),(481,139,83,1,1.00),(482,20,86,1,1.00),(483,106,18,2,1.00),(484,39,2,2,1.00),(485,96,8,5,0.50),(486,158,62,4,0.60),(487,137,71,4,0.70),(488,136,93,3,0.80),(489,74,3,5,0.90),(490,173,56,2,1.00),(491,25,68,2,1.00),(492,159,68,3,1.00),(493,69,51,1,1.00),(494,104,59,5,1.00),(495,179,29,3,0.50),(496,21,84,1,0.60),(497,98,49,5,0.70),(498,164,2,2,0.80),(499,112,83,3,0.90),(500,25,68,1,1.00),(501,178,73,4,1.00),(502,20,88,3,1.00),(503,145,85,1,1.00),(504,81,3,2,1.00),(505,193,92,4,0.50),(506,77,21,5,0.60),(507,100,87,5,0.70),(508,194,95,2,0.80),(509,177,93,1,0.90),(510,89,7,1,1.00),(511,20,44,5,1.00),(512,153,51,3,1.00),(513,70,58,4,1.00),(514,142,49,4,1.00),(515,150,85,4,0.50),(516,159,38,2,0.60),(517,22,35,2,0.70),(518,163,20,4,0.80),(519,28,12,1,0.90),(520,114,47,3,1.00),(521,23,24,4,1.00),(522,143,66,4,1.00),(523,23,46,5,1.00),(524,154,42,4,1.00),(525,106,50,1,0.50),(526,144,32,5,0.60),(527,176,49,2,0.70),(528,78,35,4,0.80),(529,43,56,3,0.90),(530,124,10,3,1.00),(531,64,93,4,1.00),(532,51,59,1,1.00),(533,2,51,3,1.00),(534,98,43,4,1.00),(535,167,77,2,0.50),(536,155,89,2,0.60),(537,46,51,3,0.70),(538,178,82,4,0.80),(539,63,42,4,0.90),(540,101,47,1,1.00),(541,52,76,5,1.00),(542,197,71,1,1.00),(543,119,91,2,1.00),(544,75,89,1,1.00),(545,105,87,4,0.50),(546,78,31,3,0.60),(547,184,55,4,0.70),(548,154,62,5,0.80),(549,130,89,4,0.90),(550,93,90,5,1.00);
/*!40000 ALTER TABLE `tb_order_detail` ENABLE KEYS */;
UNLOCK TABLES;

--
-- Table structure for table `tb_product`
--

DROP TABLE IF EXISTS `tb_product`;
/*!40101 SET @saved_cs_client     = @@character_set_client */;
/*!50503 SET character_set_client = utf8mb4 */;
CREATE TABLE `tb_product` (
  `product_id` int NOT NULL AUTO_INCREMENT COMMENT '商品 ID（主键）',
  `product_name` varchar(100) CHARACTER SET utf8mb4 COLLATE utf8mb4_general_ci NOT NULL COMMENT '商品名称',
  `category_id` int NOT NULL COMMENT '分类 ID',
  `price` decimal(10,2) NOT NULL COMMENT '商品价格',
  PRIMARY KEY (`product_id`) USING BTREE
) ENGINE=InnoDB AUTO_INCREMENT=101 DEFAULT CHARSET=utf8mb4 COLLATE=utf8mb4_general_ci ROW_FORMAT=DYNAMIC;
/*!40101 SET character_set_client = @saved_cs_client */;

--
-- Dumping data for table `tb_product`
--

LOCK TABLES `tb_product` WRITE;
/*!40000 ALTER TABLE `tb_product` DISABLE KEYS */;
INSERT INTO `tb_product` VALUES (1,'由于音响',1,788.20),(2,'全国键盘',1,1932.45),(3,'现在手表',1,985.37),(4,'工程鼠标',1,4740.13),(5,'公司包包',2,617.70),(6,'文件耳机',1,232.16),(7,'论坛鼠标',1,1538.28),(8,'国内手表',1,4218.11),(9,'当然音响',1,1399.88),(10,'等级音响',1,4912.26),(11,'中国图书',3,1550.88),(12,'那些手机',1,1954.55),(13,'增加耳机',1,5314.06),(14,'关于键盘',1,4889.99),(15,'下载音响',1,1952.32),(16,'合作包包',2,6700.92),(17,'分析键盘',1,724.45),(18,'游戏包包',2,686.05),(19,'中心鼠标',1,4230.04),(20,'学校键盘',1,5110.83),(21,'的话图书',3,882.53),(22,'人员羽绒服',2,560.81),(23,'推荐羽绒服',2,5807.54),(24,'法律羽绒服',2,6199.31),(25,'类别鼠标',1,4045.69),(26,'对于音响',1,496.19),(27,'出现鼠标',1,1603.01),(28,'资料耳机',1,6896.70),(29,'广告音响',1,6066.72),(30,'发生键盘',1,1953.04),(31,'加入图书',3,5840.43),(32,'有些键盘',1,2597.56),(33,'有限键盘',1,4694.52),(34,'客户耳机',1,6557.22),(35,'用户键盘',1,509.10),(36,'环境手表',1,1206.26),(37,'这么图书',3,1721.23),(38,'不过键盘',1,2662.39),(39,'网站耳机',1,4820.25),(40,'注意音响',1,4795.45),(41,'只有图书',3,1611.05),(42,'其他包包',2,5637.27),(43,'就是手机',1,1881.51),(44,'拥有手机',1,6392.82),(45,'比较耳机',1,6135.81),(46,'汽车耳机',1,1496.26),(47,'图片包包',2,2775.47),(48,'经济手表',1,3217.37),(49,'选择洗衣机',1,986.02),(50,'决定包包',2,3933.96),(51,'的人音响',1,5231.63),(52,'精华羽绒服',2,6285.78),(53,'电影羽绒服',2,2540.36),(54,'现在鼠标',1,3571.59),(55,'一切音响',1,5292.92),(56,'更新鼠标',1,1078.36),(57,'产品耳机',1,5546.63),(58,'最后耳机',1,4178.90),(59,'大小图书',3,2677.52),(60,'时间音响',1,3708.51),(61,'行业鼠标',1,6026.85),(62,'威望洗衣机',1,4765.18),(63,'科技羽绒服',2,4775.16),(64,'解决耳机',1,5258.64),(65,'中文键盘',1,2387.83),(66,'表示音响',1,3049.01),(67,'参加耳机',1,32.68),(68,'技术手表',1,6132.21),(69,'全部包包',2,6803.50),(70,'东西鼠标',1,3558.69),(71,'注意手机',1,6094.92),(72,'注意鼠标',1,5893.27),(73,'首页羽绒服',2,4266.70),(74,'参加音响',1,2623.66),(75,'出现手表',1,3780.26),(76,'能力包包',2,6430.27),(77,'行业图书',3,2275.85),(78,'大小音响',1,791.96),(79,'主题鼠标',1,6152.27),(80,'投资音响',1,1683.77),(81,'简介耳机',1,6147.29),(82,'有限鼠标',1,608.72),(83,'操作键盘',1,5714.00),(84,'责任音响',1,5363.18),(85,'免费洗衣机',1,4621.66),(86,'更多手机',1,1164.24),(87,'运行鼠标',1,6108.31),(88,'很多耳机',1,6750.90),(89,'日本手机',1,5289.30),(90,'应用音响',1,1416.05),(91,'最新鼠标',1,2798.96),(92,'还有键盘',1,4552.65),(93,'阅读图书',3,6298.30),(94,'然后手表',1,855.82),(95,'不要手机',1,457.54),(96,'其实包包',2,4122.28),(97,'销售手表',1,4123.20),(98,'一般包包',2,506.24),(99,'那些键盘',1,421.53),(100,'首页洗衣机',1,6338.89);
/*!40000 ALTER TABLE `tb_product` ENABLE KEYS */;
UNLOCK TABLES;

--
-- Table structure for table `tb_user`
--

DROP TABLE IF EXISTS `tb_user`;
/*!40101 SET @saved_cs_client     = @@character_set_client */;
/*!50503 SET character_set_client = utf8mb4 */;
CREATE TABLE `tb_user` (
  `user_id` int NOT NULL AUTO_INCREMENT,
  `username` varchar(50) CHARACTER SET utf8mb4 COLLATE utf8mb4_general_ci NOT NULL,
  `email` varchar(100) CHARACTER SET utf8mb4 COLLATE utf8mb4_general_ci NOT NULL,
  `create_time` datetime DEFAULT NULL,
  `name` varchar(50) CHARACTER SET utf8mb4 COLLATE utf8mb4_general_ci DEFAULT NULL,
  `phone` varchar(20) CHARACTER SET utf8mb4 COLLATE utf8mb4_general_ci DEFAULT NULL,
  `gender` tinyint DEFAULT NULL COMMENT '性别',
  PRIMARY KEY (`user_id`) USING BTREE
) ENGINE=InnoDB AUTO_INCREMENT=51 DEFAULT CHARSET=utf8mb4 COLLATE=utf8mb4_general_ci ROW_FORMAT=DYNAMIC;
/*!40101 SET character_set_client = @saved_cs_client */;

--
-- Dumping data for table `tb_user`
--

LOCK TABLES `tb_user` WRITE;
/*!40000 ALTER TABLE `tb_user` DISABLE KEYS */;
INSERT INTO `tb_user` VALUES (1,'xiegang','xiegang@gmail.com','2024-06-06 11:44:07','谢刚','13800138001',1),(2,'kwu','kwu@hotmail.com','2025-05-12 20:55:12','柯武','13900139002',0),(3,'leijin','leijin@gmail.com','2025-01-19 07:36:05','雷金','13700137003',0),(4,'taowen','taowen@hotmail.com','2024-08-05 23:39:48','陶文','13600136004',0),(5,'xiuying56','xiuying56@tan.cn','2024-06-22 12:11:32','修英','13500135005',0),(6,'dqin','dqin@97.cn','2025-01-18 15:49:08','邓琴','13400134006',1),(7,'zliao','zliao@va.cn','2024-05-23 08:00:41','赵辽','13300133007',1),(8,'tianyan','tianyan@gmail.com','2025-02-17 18:42:28','田燕','13200132008',0),(9,'gtian','gtian@yahoo.com','2024-10-30 04:56:08','高田','13100131009',1),(10,'jdeng','jdeng@yahoo.com','2025-04-30 11:40:55','蒋邓','13000130010',1),(11,'fang69','fang69@jinggang.cn','2024-05-28 00:24:17','方刚','13800138011',0),(12,'gli','gli@mingming.cn','2024-10-11 11:01:05','古丽','13900139012',0),(13,'dutao','dutao@hotmail.com','2024-07-10 16:30:58','杜涛','13700137013',1),(14,'yan50','yan50@gmail.com','2024-08-02 20:03:26','燕五零','13600136014',1),(15,'yeping','yeping@yong.org','2024-11-02 11:24:21','叶平','13500135015',0),(16,'qcai','qcai@hotmail.com','2024-07-01 22:14:23','钱彩','13400134016',0),(17,'na57','na57@hotmail.com','2024-10-11 05:51:36','那五七','13300133017',1),(18,'yaoqiang','yaoqiang@70.cn','2024-06-27 02:54:10','姚强','13200132018',1),(19,'wujing','wujing@junyan.cn','2024-09-08 07:02:53','吴静','13100131019',0),(20,'aluo','aluo@guiyingpan.cn','2024-11-29 02:04:11','阿罗','13000130020',1),(21,'jie52','jie52@hotmail.com','2024-08-31 06:15:01','解吾儿','13800138021',1),(22,'chaoliao','chaoliao@weixia.net','2024-12-05 20:03:43','晁廖','13900139022',1),(23,'guiying70','guiying70@hotmail.com','2024-06-01 18:12:34','桂英','13700137023',0),(24,'taojun','taojun@gmail.com','2024-08-26 20:31:45','陶军','13600136024',1),(25,'jiangchao','jiangchao@gmail.com','2025-05-07 11:58:23','蒋超','13500135025',1),(26,'juan12','juan12@xue.net','2024-09-11 23:37:22','娟一二','13400134026',0),(27,'yangmao','yangmao@gmail.com','2025-04-24 18:10:06','杨毛','13300133027',1),(28,'min89','min89@xiuyingjin.cn','2025-01-24 09:04:37','敏八九','13200132028',0),(29,'glu','glu@pp.cn','2025-02-19 11:16:32','顾路','13100131029',1),(30,'yxie','yxie@guiyingcao.org','2025-02-15 07:18:12','叶谢','13000130030',1),(31,'yonglu','yonglu@yahoo.com','2025-02-20 02:21:02','永路','13800138031',0),(32,'tao15','tao15@yahoo.com','2025-01-06 16:10:39','陶一五','13900139032',1),(33,'renguiying','renguiying@litao.cn','2025-01-09 16:34:04','任桂英','13700137033',0),(34,'shaoguiying','shaoguiying@liang.cn','2025-04-18 13:25:24','邵桂英','13600136034',0),(35,'yong61','yong61@laihe.cn','2024-06-01 04:01:01','永六一','13500135035',1),(36,'guiying54','guiying54@xialu.cn','2024-06-08 18:43:23','桂英五四','13400134036',0),(37,'luolei','luolei@nawu.cn','2024-06-05 12:33:47','罗磊','13300133037',1),(38,'liyong','liyong@fan.cn','2024-07-01 18:32:05','李勇','13200132038',1),(39,'dkong','dkong@tao.cn','2024-10-08 08:36:18','邓孔','13100131039',1),(40,'lei62','lei62@qiu.cn','2025-02-07 18:06:25','雷六二','13000130040',0),(41,'kangfang','kangfang@yahoo.com','2024-09-22 06:01:00','康芳','13800138041',0),(42,'taona','taona@qiang.cn','2024-08-18 11:25:49','陶娜','13900139042',0),(43,'jiegao','jiegao@xiadeng.cn','2024-06-07 22:46:34','解高','13700137043',1),(44,'taogao','taogao@zou.cn','2024-12-06 04:34:34','陶高','13600136044',0),(45,'xiasu','xiasu@weixiulan.cn','2025-03-25 21:35:25','夏苏','13500135045',0),(46,'xiadong','xiadong@maopan.cn','2025-02-25 10:06:27','夏东','13400134046',1),(47,'rshao','rshao@zi.cn','2024-08-19 14:36:24','任邵','13300133047',1),(48,'lei04','lei04@yan.cn','2024-12-02 12:54:27','雷零四','13200132048',0),(49,'qianqiang','qianqiang@io.cn','2025-04-26 04:51:19','钱强','13100131049',1),(50,'jun29','jun29@gmail.com','2025-05-14 03:31:14','君二九','13000130050',0);
/*!40000 ALTER TABLE `tb_user` ENABLE KEYS */;
UNLOCK TABLES;
SET @@SESSION.SQL_LOG_BIN = @MYSQLDUMP_TEMP_LOG_BIN;
/*!40103 SET TIME_ZONE=@OLD_TIME_ZONE */;

/*!40101 SET SQL_MODE=@OLD_SQL_MODE */;
/*!40014 SET FOREIGN_KEY_CHECKS=@OLD_FOREIGN_KEY_CHECKS */;
/*!40014 SET UNIQUE_CHECKS=@OLD_UNIQUE_CHECKS */;
/*!40101 SET CHARACTER_SET_CLIENT=@OLD_CHARACTER_SET_CLIENT */;
/*!40101 SET CHARACTER_SET_RESULTS=@OLD_CHARACTER_SET_RESULTS */;
/*!40101 SET COLLATION_CONNECTION=@OLD_COLLATION_CONNECTION */;
/*!40111 SET SQL_NOTES=@OLD_SQL_NOTES */;

-- Dump completed on 2025-06-01 10:37:20
